<annotation>
	<folder>Chocolate</folder>
	<filename>1.jpg</filename>
	<path>C:\Users\Tibame_25\Desktop\Chocolate\1.jpg</path>
	<source>
		<database>Unknown</database>
	</source>
	<size>
		<width>265</width>
		<height>190</height>
		<depth>3</depth>
	</size>
	<segmented>0</segmented>
	<object>
		<name>Chocolate</name>
		<pose>Unspecified</pose>
		<truncated>0</truncated>
		<difficult>0</difficult>
		<bndbox>
			<xmin>16</xmin>
			<ymin>45</ymin>
			<xmax>259</xmax>
			<ymax>146</ymax>
		</bndbox>
	</object>
</annotation>
