<annotation>
	<folder>Chocolate</folder>
	<filename>106_1366_1629187815.7346585.png</filename>
	<path>C:\Users\Tibame_25\Desktop\Chocolate\106_1366_1629187815.7346585.png</path>
	<source>
		<database>Unknown</database>
	</source>
	<size>
		<width>180</width>
		<height>120</height>
		<depth>3</depth>
	</size>
	<segmented>0</segmented>
	<object>
		<name>Chocolate</name>
		<pose>Unspecified</pose>
		<truncated>0</truncated>
		<difficult>0</difficult>
		<bndbox>
			<xmin>9</xmin>
			<ymin>42</ymin>
			<xmax>119</xmax>
			<ymax>109</ymax>
		</bndbox>
	</object>
</annotation>
