<annotation>
	<folder>Chocolate</folder>
	<filename>107_1215_1629187816.1243799.png</filename>
	<path>C:\Users\Tibame_25\Desktop\Chocolate\107_1215_1629187816.1243799.png</path>
	<source>
		<database>Unknown</database>
	</source>
	<size>
		<width>180</width>
		<height>120</height>
		<depth>3</depth>
	</size>
	<segmented>0</segmented>
	<object>
		<name>Chocolate</name>
		<pose>Unspecified</pose>
		<truncated>0</truncated>
		<difficult>0</difficult>
		<bndbox>
			<xmin>7</xmin>
			<ymin>41</ymin>
			<xmax>111</xmax>
			<ymax>107</ymax>
		</bndbox>
	</object>
</annotation>
