<annotation>
	<folder>Chocolate</folder>
	<filename>109_1594_1629187816.8644798.png</filename>
	<path>C:\Users\Tibame_25\Desktop\Chocolate\109_1594_1629187816.8644798.png</path>
	<source>
		<database>Unknown</database>
	</source>
	<size>
		<width>180</width>
		<height>120</height>
		<depth>3</depth>
	</size>
	<segmented>0</segmented>
	<object>
		<name>Chocolate</name>
		<pose>Unspecified</pose>
		<truncated>0</truncated>
		<difficult>0</difficult>
		<bndbox>
			<xmin>26</xmin>
			<ymin>32</ymin>
			<xmax>106</xmax>
			<ymax>100</ymax>
		</bndbox>
	</object>
</annotation>
