<annotation>
	<folder>Chocolate</folder>
	<filename>10_2541_1629187780.1717966.png</filename>
	<path>C:\Users\Tibame_25\Desktop\Chocolate\10_2541_1629187780.1717966.png</path>
	<source>
		<database>Unknown</database>
	</source>
	<size>
		<width>180</width>
		<height>120</height>
		<depth>3</depth>
	</size>
	<segmented>0</segmented>
	<object>
		<name>Chocolate</name>
		<pose>Unspecified</pose>
		<truncated>0</truncated>
		<difficult>0</difficult>
		<bndbox>
			<xmin>34</xmin>
			<ymin>31</ymin>
			<xmax>146</xmax>
			<ymax>106</ymax>
		</bndbox>
	</object>
</annotation>
