<annotation>
	<folder>Doritos</folder>
	<filename>11.jpg</filename>
	<path>C:\Users\Tibame_25\Downloads\Doritos-20210824T091345Z-001\Doritos\11.jpg</path>
	<source>
		<database>Unknown</database>
	</source>
	<size>
		<width>174</width>
		<height>290</height>
		<depth>3</depth>
	</size>
	<segmented>0</segmented>
	<object>
		<name>Doritos</name>
		<pose>Unspecified</pose>
		<truncated>0</truncated>
		<difficult>0</difficult>
		<bndbox>
			<xmin>4</xmin>
			<ymin>6</ymin>
			<xmax>167</xmax>
			<ymax>276</ymax>
		</bndbox>
	</object>
</annotation>
