<annotation>
	<folder>Chocolate</folder>
	<filename>110_1523_1629187817.2017376.png</filename>
	<path>C:\Users\Tibame_25\Desktop\Chocolate\110_1523_1629187817.2017376.png</path>
	<source>
		<database>Unknown</database>
	</source>
	<size>
		<width>180</width>
		<height>120</height>
		<depth>3</depth>
	</size>
	<segmented>0</segmented>
	<object>
		<name>Chocolate</name>
		<pose>Unspecified</pose>
		<truncated>0</truncated>
		<difficult>0</difficult>
		<bndbox>
			<xmin>33</xmin>
			<ymin>32</ymin>
			<xmax>97</xmax>
			<ymax>99</ymax>
		</bndbox>
	</object>
</annotation>
