<annotation>
	<folder>Chocolate</folder>
	<filename>111_1194_1629187817.5749745.png</filename>
	<path>C:\Users\Tibame_25\Desktop\Chocolate\111_1194_1629187817.5749745.png</path>
	<source>
		<database>Unknown</database>
	</source>
	<size>
		<width>180</width>
		<height>120</height>
		<depth>3</depth>
	</size>
	<segmented>0</segmented>
	<object>
		<name>Chocolate</name>
		<pose>Unspecified</pose>
		<truncated>0</truncated>
		<difficult>0</difficult>
		<bndbox>
			<xmin>43</xmin>
			<ymin>23</ymin>
			<xmax>102</xmax>
			<ymax>94</ymax>
		</bndbox>
	</object>
</annotation>
