<annotation>
	<folder>Chocolate</folder>
	<filename>114_1304_1629187818.573184.png</filename>
	<path>C:\Users\Tibame_25\Desktop\Chocolate\114_1304_1629187818.573184.png</path>
	<source>
		<database>Unknown</database>
	</source>
	<size>
		<width>180</width>
		<height>120</height>
		<depth>3</depth>
	</size>
	<segmented>0</segmented>
	<object>
		<name>Chocolate</name>
		<pose>Unspecified</pose>
		<truncated>0</truncated>
		<difficult>0</difficult>
		<bndbox>
			<xmin>65</xmin>
			<ymin>21</ymin>
			<xmax>108</xmax>
			<ymax>107</ymax>
		</bndbox>
	</object>
</annotation>
