<annotation>
	<folder>Chocolate</folder>
	<filename>115_1381_1629187818.920309.png</filename>
	<path>C:\Users\Tibame_25\Desktop\Chocolate\115_1381_1629187818.920309.png</path>
	<source>
		<database>Unknown</database>
	</source>
	<size>
		<width>180</width>
		<height>120</height>
		<depth>3</depth>
	</size>
	<segmented>0</segmented>
	<object>
		<name>Chocolate</name>
		<pose>Unspecified</pose>
		<truncated>0</truncated>
		<difficult>0</difficult>
		<bndbox>
			<xmin>66</xmin>
			<ymin>26</ymin>
			<xmax>112</xmax>
			<ymax>107</ymax>
		</bndbox>
	</object>
</annotation>
