<annotation>
	<folder>Chocolate</folder>
	<filename>116_1317_1629187819.2846882.png</filename>
	<path>C:\Users\Tibame_25\Desktop\Chocolate\116_1317_1629187819.2846882.png</path>
	<source>
		<database>Unknown</database>
	</source>
	<size>
		<width>180</width>
		<height>120</height>
		<depth>3</depth>
	</size>
	<segmented>0</segmented>
	<object>
		<name>Chocolate</name>
		<pose>Unspecified</pose>
		<truncated>0</truncated>
		<difficult>0</difficult>
		<bndbox>
			<xmin>69</xmin>
			<ymin>21</ymin>
			<xmax>113</xmax>
			<ymax>108</ymax>
		</bndbox>
	</object>
</annotation>
