<annotation>
	<folder>Chocolate</folder>
	<filename>118_1470_1629187820.0734315.png</filename>
	<path>C:\Users\Tibame_25\Desktop\Chocolate\118_1470_1629187820.0734315.png</path>
	<source>
		<database>Unknown</database>
	</source>
	<size>
		<width>180</width>
		<height>120</height>
		<depth>3</depth>
	</size>
	<segmented>0</segmented>
	<object>
		<name>Chocolate</name>
		<pose>Unspecified</pose>
		<truncated>0</truncated>
		<difficult>0</difficult>
		<bndbox>
			<xmin>75</xmin>
			<ymin>25</ymin>
			<xmax>149</xmax>
			<ymax>101</ymax>
		</bndbox>
	</object>
</annotation>
