<annotation>
	<folder>Chocolate</folder>
	<filename>121_1723_1629187821.156061.png</filename>
	<path>C:\Users\Tibame_25\Desktop\Chocolate\121_1723_1629187821.156061.png</path>
	<source>
		<database>Unknown</database>
	</source>
	<size>
		<width>180</width>
		<height>120</height>
		<depth>3</depth>
	</size>
	<segmented>0</segmented>
	<object>
		<name>Chocolate</name>
		<pose>Unspecified</pose>
		<truncated>0</truncated>
		<difficult>0</difficult>
		<bndbox>
			<xmin>55</xmin>
			<ymin>28</ymin>
			<xmax>155</xmax>
			<ymax>86</ymax>
		</bndbox>
	</object>
</annotation>
