<annotation>
	<folder>Chocolate</folder>
	<filename>122_1837_1629187821.515756.png</filename>
	<path>C:\Users\Tibame_25\Desktop\Chocolate\122_1837_1629187821.515756.png</path>
	<source>
		<database>Unknown</database>
	</source>
	<size>
		<width>180</width>
		<height>120</height>
		<depth>3</depth>
	</size>
	<segmented>0</segmented>
	<object>
		<name>Chocolate</name>
		<pose>Unspecified</pose>
		<truncated>0</truncated>
		<difficult>0</difficult>
		<bndbox>
			<xmin>42</xmin>
			<ymin>28</ymin>
			<xmax>153</xmax>
			<ymax>79</ymax>
		</bndbox>
	</object>
</annotation>
