<annotation>
	<folder>Chocolate</folder>
	<filename>124_1342_1629187822.2483068.png</filename>
	<path>C:\Users\Tibame_25\Desktop\Chocolate\124_1342_1629187822.2483068.png</path>
	<source>
		<database>Unknown</database>
	</source>
	<size>
		<width>180</width>
		<height>120</height>
		<depth>3</depth>
	</size>
	<segmented>0</segmented>
	<object>
		<name>Chocolate</name>
		<pose>Unspecified</pose>
		<truncated>0</truncated>
		<difficult>0</difficult>
		<bndbox>
			<xmin>39</xmin>
			<ymin>21</ymin>
			<xmax>163</xmax>
			<ymax>60</ymax>
		</bndbox>
	</object>
</annotation>
