<annotation>
	<folder>Chocolate</folder>
	<filename>126_1320_1629187822.9645336.png</filename>
	<path>C:\Users\Tibame_25\Desktop\Chocolate\126_1320_1629187822.9645336.png</path>
	<source>
		<database>Unknown</database>
	</source>
	<size>
		<width>180</width>
		<height>120</height>
		<depth>3</depth>
	</size>
	<segmented>0</segmented>
	<object>
		<name>Chocolate</name>
		<pose>Unspecified</pose>
		<truncated>0</truncated>
		<difficult>0</difficult>
		<bndbox>
			<xmin>32</xmin>
			<ymin>28</ymin>
			<xmax>152</xmax>
			<ymax>87</ymax>
		</bndbox>
	</object>
</annotation>
