<annotation>
	<folder>Chocolate</folder>
	<filename>128_1573_1629187823.728955.png</filename>
	<path>C:\Users\Tibame_25\Desktop\Chocolate\128_1573_1629187823.728955.png</path>
	<source>
		<database>Unknown</database>
	</source>
	<size>
		<width>180</width>
		<height>120</height>
		<depth>3</depth>
	</size>
	<segmented>0</segmented>
	<object>
		<name>Chocolate</name>
		<pose>Unspecified</pose>
		<truncated>0</truncated>
		<difficult>0</difficult>
		<bndbox>
			<xmin>35</xmin>
			<ymin>25</ymin>
			<xmax>150</xmax>
			<ymax>96</ymax>
		</bndbox>
	</object>
</annotation>
