<annotation>
	<folder>Chocolate</folder>
	<filename>129_1557_1629187824.0739846.png</filename>
	<path>C:\Users\Tibame_25\Desktop\Chocolate\129_1557_1629187824.0739846.png</path>
	<source>
		<database>Unknown</database>
	</source>
	<size>
		<width>180</width>
		<height>120</height>
		<depth>3</depth>
	</size>
	<segmented>0</segmented>
	<object>
		<name>Chocolate</name>
		<pose>Unspecified</pose>
		<truncated>0</truncated>
		<difficult>0</difficult>
		<bndbox>
			<xmin>35</xmin>
			<ymin>18</ymin>
			<xmax>151</xmax>
			<ymax>87</ymax>
		</bndbox>
	</object>
</annotation>
