<annotation>
	<folder>Chocolate</folder>
	<filename>132_1284_1629187825.3115122.png</filename>
	<path>C:\Users\Tibame_25\Desktop\Chocolate\132_1284_1629187825.3115122.png</path>
	<source>
		<database>Unknown</database>
	</source>
	<size>
		<width>180</width>
		<height>120</height>
		<depth>3</depth>
	</size>
	<segmented>0</segmented>
	<object>
		<name>Chocolate</name>
		<pose>Unspecified</pose>
		<truncated>0</truncated>
		<difficult>0</difficult>
		<bndbox>
			<xmin>29</xmin>
			<ymin>23</ymin>
			<xmax>129</xmax>
			<ymax>103</ymax>
		</bndbox>
	</object>
</annotation>
