<annotation>
	<folder>Chocolate</folder>
	<filename>135_759_1629187826.5429292.png</filename>
	<path>C:\Users\Tibame_25\Desktop\Chocolate\135_759_1629187826.5429292.png</path>
	<source>
		<database>Unknown</database>
	</source>
	<size>
		<width>180</width>
		<height>120</height>
		<depth>3</depth>
	</size>
	<segmented>0</segmented>
	<object>
		<name>Chocolate</name>
		<pose>Unspecified</pose>
		<truncated>0</truncated>
		<difficult>0</difficult>
		<bndbox>
			<xmin>58</xmin>
			<ymin>14</ymin>
			<xmax>101</xmax>
			<ymax>104</ymax>
		</bndbox>
	</object>
</annotation>
