<annotation>
	<folder>Chocolate</folder>
	<filename>137_909_1629187827.204803.png</filename>
	<path>C:\Users\Tibame_25\Desktop\Chocolate\137_909_1629187827.204803.png</path>
	<source>
		<database>Unknown</database>
	</source>
	<size>
		<width>180</width>
		<height>120</height>
		<depth>3</depth>
	</size>
	<segmented>0</segmented>
	<object>
		<name>Chocolate</name>
		<pose>Unspecified</pose>
		<truncated>0</truncated>
		<difficult>0</difficult>
		<bndbox>
			<xmin>45</xmin>
			<ymin>7</ymin>
			<xmax>104</xmax>
			<ymax>107</ymax>
		</bndbox>
	</object>
</annotation>
