<annotation>
	<folder>Chocolate</folder>
	<filename>140_1037_1629187828.2440388.png</filename>
	<path>C:\Users\Tibame_25\Desktop\Chocolate\140_1037_1629187828.2440388.png</path>
	<source>
		<database>Unknown</database>
	</source>
	<size>
		<width>180</width>
		<height>120</height>
		<depth>3</depth>
	</size>
	<segmented>0</segmented>
	<object>
		<name>Chocolate</name>
		<pose>Unspecified</pose>
		<truncated>1</truncated>
		<difficult>0</difficult>
		<bndbox>
			<xmin>47</xmin>
			<ymin>1</ymin>
			<xmax>141</xmax>
			<ymax>90</ymax>
		</bndbox>
	</object>
</annotation>
