<annotation>
	<folder>Chocolate</folder>
	<filename>141_1096_1629187828.6075113.png</filename>
	<path>C:\Users\Tibame_25\Desktop\Chocolate\141_1096_1629187828.6075113.png</path>
	<source>
		<database>Unknown</database>
	</source>
	<size>
		<width>180</width>
		<height>120</height>
		<depth>3</depth>
	</size>
	<segmented>0</segmented>
	<object>
		<name>Chocolate</name>
		<pose>Unspecified</pose>
		<truncated>0</truncated>
		<difficult>0</difficult>
		<bndbox>
			<xmin>50</xmin>
			<ymin>9</ymin>
			<xmax>147</xmax>
			<ymax>114</ymax>
		</bndbox>
	</object>
</annotation>
