<annotation>
	<folder>Chocolate</folder>
	<filename>142_1449_1629187828.9934502.png</filename>
	<path>C:\Users\Tibame_25\Desktop\Chocolate\142_1449_1629187828.9934502.png</path>
	<source>
		<database>Unknown</database>
	</source>
	<size>
		<width>180</width>
		<height>120</height>
		<depth>3</depth>
	</size>
	<segmented>0</segmented>
	<object>
		<name>Chocolate</name>
		<pose>Unspecified</pose>
		<truncated>1</truncated>
		<difficult>0</difficult>
		<bndbox>
			<xmin>49</xmin>
			<ymin>16</ymin>
			<xmax>160</xmax>
			<ymax>120</ymax>
		</bndbox>
	</object>
</annotation>
