<annotation>
	<folder>Chocolate</folder>
	<filename>143_1178_1629187829.3807333.png</filename>
	<path>C:\Users\Tibame_25\Desktop\Chocolate\143_1178_1629187829.3807333.png</path>
	<source>
		<database>Unknown</database>
	</source>
	<size>
		<width>180</width>
		<height>120</height>
		<depth>3</depth>
	</size>
	<segmented>0</segmented>
	<object>
		<name>Chocolate</name>
		<pose>Unspecified</pose>
		<truncated>0</truncated>
		<difficult>0</difficult>
		<bndbox>
			<xmin>34</xmin>
			<ymin>27</ymin>
			<xmax>143</xmax>
			<ymax>118</ymax>
		</bndbox>
	</object>
</annotation>
