<annotation>
	<folder>Chocolate</folder>
	<filename>144_1109_1629187829.7885296.png</filename>
	<path>C:\Users\Tibame_25\Desktop\Chocolate\144_1109_1629187829.7885296.png</path>
	<source>
		<database>Unknown</database>
	</source>
	<size>
		<width>180</width>
		<height>120</height>
		<depth>3</depth>
	</size>
	<segmented>0</segmented>
	<object>
		<name>Chocolate</name>
		<pose>Unspecified</pose>
		<truncated>0</truncated>
		<difficult>0</difficult>
		<bndbox>
			<xmin>18</xmin>
			<ymin>33</ymin>
			<xmax>116</xmax>
			<ymax>102</ymax>
		</bndbox>
	</object>
</annotation>
