<annotation>
	<folder>Chocolate</folder>
	<filename>145_1005_1629187830.1936965.png</filename>
	<path>C:\Users\Tibame_25\Desktop\Chocolate\145_1005_1629187830.1936965.png</path>
	<source>
		<database>Unknown</database>
	</source>
	<size>
		<width>180</width>
		<height>120</height>
		<depth>3</depth>
	</size>
	<segmented>0</segmented>
	<object>
		<name>Chocolate</name>
		<pose>Unspecified</pose>
		<truncated>0</truncated>
		<difficult>0</difficult>
		<bndbox>
			<xmin>2</xmin>
			<ymin>30</ymin>
			<xmax>106</xmax>
			<ymax>90</ymax>
		</bndbox>
	</object>
</annotation>
