<annotation>
	<folder>Chocolate</folder>
	<filename>146_698_1629187830.567454.png</filename>
	<path>C:\Users\Tibame_25\Desktop\Chocolate\146_698_1629187830.567454.png</path>
	<source>
		<database>Unknown</database>
	</source>
	<size>
		<width>180</width>
		<height>120</height>
		<depth>3</depth>
	</size>
	<segmented>0</segmented>
	<object>
		<name>Chocolate</name>
		<pose>Unspecified</pose>
		<truncated>0</truncated>
		<difficult>0</difficult>
		<bndbox>
			<xmin>16</xmin>
			<ymin>37</ymin>
			<xmax>114</xmax>
			<ymax>92</ymax>
		</bndbox>
	</object>
</annotation>
