<annotation>
	<folder>Chocolate</folder>
	<filename>147_707_1629187830.9260135.png</filename>
	<path>C:\Users\Tibame_25\Desktop\Chocolate\147_707_1629187830.9260135.png</path>
	<source>
		<database>Unknown</database>
	</source>
	<size>
		<width>180</width>
		<height>120</height>
		<depth>3</depth>
	</size>
	<segmented>0</segmented>
	<object>
		<name>Chocolate</name>
		<pose>Unspecified</pose>
		<truncated>0</truncated>
		<difficult>0</difficult>
		<bndbox>
			<xmin>23</xmin>
			<ymin>43</ymin>
			<xmax>143</xmax>
			<ymax>102</ymax>
		</bndbox>
	</object>
</annotation>
