<annotation>
	<folder>Chocolate</folder>
	<filename>149_2063_1629187831.6726034.png</filename>
	<path>C:\Users\Tibame_25\Desktop\Chocolate\149_2063_1629187831.6726034.png</path>
	<source>
		<database>Unknown</database>
	</source>
	<size>
		<width>180</width>
		<height>120</height>
		<depth>3</depth>
	</size>
	<segmented>0</segmented>
	<object>
		<name>Chocolate</name>
		<pose>Unspecified</pose>
		<truncated>0</truncated>
		<difficult>0</difficult>
		<bndbox>
			<xmin>35</xmin>
			<ymin>52</ymin>
			<xmax>149</xmax>
			<ymax>115</ymax>
		</bndbox>
	</object>
</annotation>
