<annotation>
	<folder>Chocolate</folder>
	<filename>150_1966_1629187832.0309093.png</filename>
	<path>C:\Users\Tibame_25\Desktop\Chocolate\150_1966_1629187832.0309093.png</path>
	<source>
		<database>Unknown</database>
	</source>
	<size>
		<width>180</width>
		<height>120</height>
		<depth>3</depth>
	</size>
	<segmented>0</segmented>
	<object>
		<name>Chocolate</name>
		<pose>Unspecified</pose>
		<truncated>1</truncated>
		<difficult>0</difficult>
		<bndbox>
			<xmin>50</xmin>
			<ymin>59</ymin>
			<xmax>167</xmax>
			<ymax>120</ymax>
		</bndbox>
	</object>
</annotation>
