<annotation>
	<folder>Chocolate</folder>
	<filename>151_1999_1629187832.3710752.png</filename>
	<path>C:\Users\Tibame_25\Desktop\Chocolate\151_1999_1629187832.3710752.png</path>
	<source>
		<database>Unknown</database>
	</source>
	<size>
		<width>180</width>
		<height>120</height>
		<depth>3</depth>
	</size>
	<segmented>0</segmented>
	<object>
		<name>Chocolate</name>
		<pose>Unspecified</pose>
		<truncated>0</truncated>
		<difficult>0</difficult>
		<bndbox>
			<xmin>49</xmin>
			<ymin>56</ymin>
			<xmax>170</xmax>
			<ymax>118</ymax>
		</bndbox>
	</object>
</annotation>
