<annotation>
	<folder>Chocolate</folder>
	<filename>154_1984_1629187833.481905.png</filename>
	<path>C:\Users\Tibame_25\Desktop\Chocolate\154_1984_1629187833.481905.png</path>
	<source>
		<database>Unknown</database>
	</source>
	<size>
		<width>180</width>
		<height>120</height>
		<depth>3</depth>
	</size>
	<segmented>0</segmented>
	<object>
		<name>Chocolate</name>
		<pose>Unspecified</pose>
		<truncated>1</truncated>
		<difficult>0</difficult>
		<bndbox>
			<xmin>49</xmin>
			<ymin>58</ymin>
			<xmax>172</xmax>
			<ymax>120</ymax>
		</bndbox>
	</object>
</annotation>
