<annotation>
	<folder>Doritos</folder>
	<filename>15_1218_1629187957.291861.png</filename>
	<path>C:\Users\Tibame_25\Downloads\Doritos-20210824T091345Z-001\Doritos\15_1218_1629187957.291861.png</path>
	<source>
		<database>Unknown</database>
	</source>
	<size>
		<width>180</width>
		<height>120</height>
		<depth>3</depth>
	</size>
	<segmented>0</segmented>
	<object>
		<name>Doritos</name>
		<pose>Unspecified</pose>
		<truncated>0</truncated>
		<difficult>0</difficult>
		<bndbox>
			<xmin>54</xmin>
			<ymin>3</ymin>
			<xmax>111</xmax>
			<ymax>84</ymax>
		</bndbox>
	</object>
</annotation>
