<annotation>
	<folder>Chocolate</folder>
	<filename>16_1597_1629187782.3497725.png</filename>
	<path>C:\Users\Tibame_25\Desktop\Chocolate\16_1597_1629187782.3497725.png</path>
	<source>
		<database>Unknown</database>
	</source>
	<size>
		<width>180</width>
		<height>120</height>
		<depth>3</depth>
	</size>
	<segmented>0</segmented>
	<object>
		<name>Chocolate</name>
		<pose>Unspecified</pose>
		<truncated>0</truncated>
		<difficult>0</difficult>
		<bndbox>
			<xmin>61</xmin>
			<ymin>20</ymin>
			<xmax>122</xmax>
			<ymax>103</ymax>
		</bndbox>
	</object>
</annotation>
