<annotation>
	<folder>Doritos</folder>
	<filename>16_1079_1629187957.6977353.png</filename>
	<path>C:\Users\Tibame_25\Downloads\Doritos-20210824T091345Z-001\Doritos\16_1079_1629187957.6977353.png</path>
	<source>
		<database>Unknown</database>
	</source>
	<size>
		<width>180</width>
		<height>120</height>
		<depth>3</depth>
	</size>
	<segmented>0</segmented>
	<object>
		<name>Doritos</name>
		<pose>Unspecified</pose>
		<truncated>0</truncated>
		<difficult>0</difficult>
		<bndbox>
			<xmin>51</xmin>
			<ymin>4</ymin>
			<xmax>113</xmax>
			<ymax>87</ymax>
		</bndbox>
	</object>
</annotation>
