<annotation>
	<folder>Chocolate</folder>
	<filename>18_1070_1629187783.115686.png</filename>
	<path>C:\Users\Tibame_25\Desktop\Chocolate\18_1070_1629187783.115686.png</path>
	<source>
		<database>Unknown</database>
	</source>
	<size>
		<width>180</width>
		<height>120</height>
		<depth>3</depth>
	</size>
	<segmented>0</segmented>
	<object>
		<name>Chocolate</name>
		<pose>Unspecified</pose>
		<truncated>0</truncated>
		<difficult>0</difficult>
		<bndbox>
			<xmin>83</xmin>
			<ymin>12</ymin>
			<xmax>130</xmax>
			<ymax>98</ymax>
		</bndbox>
	</object>
</annotation>
