<annotation>
	<folder>Doritos</folder>
	<filename>19_1444_1629187958.9105043.png</filename>
	<path>C:\Users\Tibame_25\Downloads\Doritos-20210824T091345Z-001\Doritos\19_1444_1629187958.9105043.png</path>
	<source>
		<database>Unknown</database>
	</source>
	<size>
		<width>180</width>
		<height>120</height>
		<depth>3</depth>
	</size>
	<segmented>0</segmented>
	<object>
		<name>Doritos</name>
		<pose>Unspecified</pose>
		<truncated>0</truncated>
		<difficult>0</difficult>
		<bndbox>
			<xmin>52</xmin>
			<ymin>9</ymin>
			<xmax>119</xmax>
			<ymax>107</ymax>
		</bndbox>
	</object>
</annotation>
