<annotation>
	<folder>Chocolate</folder>
	<filename>19_920_1629187783.488441.png</filename>
	<path>C:\Users\Tibame_25\Desktop\Chocolate\19_920_1629187783.488441.png</path>
	<source>
		<database>Unknown</database>
	</source>
	<size>
		<width>180</width>
		<height>120</height>
		<depth>3</depth>
	</size>
	<segmented>0</segmented>
	<object>
		<name>Chocolate</name>
		<pose>Unspecified</pose>
		<truncated>0</truncated>
		<difficult>0</difficult>
		<bndbox>
			<xmin>74</xmin>
			<ymin>12</ymin>
			<xmax>111</xmax>
			<ymax>97</ymax>
		</bndbox>
	</object>
</annotation>
