<annotation>
	<folder>Chocolate</folder>
	<filename>2.jpg</filename>
	<path>C:\Users\Tibame_25\Desktop\Chocolate\2.jpg</path>
	<source>
		<database>Unknown</database>
	</source>
	<size>
		<width>225</width>
		<height>225</height>
		<depth>3</depth>
	</size>
	<segmented>0</segmented>
	<object>
		<name>Chocolate</name>
		<pose>Unspecified</pose>
		<truncated>0</truncated>
		<difficult>0</difficult>
		<bndbox>
			<xmin>4</xmin>
			<ymin>64</ymin>
			<xmax>222</xmax>
			<ymax>150</ymax>
		</bndbox>
	</object>
</annotation>
