<annotation>
	<folder>Doritos</folder>
	<filename>20_1571_1629187959.2551455.png</filename>
	<path>C:\Users\Tibame_25\Downloads\Doritos-20210824T091345Z-001\Doritos\20_1571_1629187959.2551455.png</path>
	<source>
		<database>Unknown</database>
	</source>
	<size>
		<width>180</width>
		<height>120</height>
		<depth>3</depth>
	</size>
	<segmented>0</segmented>
	<object>
		<name>Doritos</name>
		<pose>Unspecified</pose>
		<truncated>0</truncated>
		<difficult>0</difficult>
		<bndbox>
			<xmin>51</xmin>
			<ymin>14</ymin>
			<xmax>122</xmax>
			<ymax>110</ymax>
		</bndbox>
	</object>
</annotation>
