<annotation>
	<folder>Chocolate</folder>
	<filename>20_744_1629187783.8487291.png</filename>
	<path>C:\Users\Tibame_25\Desktop\Chocolate\20_744_1629187783.8487291.png</path>
	<source>
		<database>Unknown</database>
	</source>
	<size>
		<width>180</width>
		<height>120</height>
		<depth>3</depth>
	</size>
	<segmented>0</segmented>
	<object>
		<name>Chocolate</name>
		<pose>Unspecified</pose>
		<truncated>0</truncated>
		<difficult>0</difficult>
		<bndbox>
			<xmin>60</xmin>
			<ymin>4</ymin>
			<xmax>103</xmax>
			<ymax>95</ymax>
		</bndbox>
	</object>
</annotation>
