<annotation>
	<folder>Chocolate</folder>
	<filename>21_1231_1629187784.2342052.png</filename>
	<path>C:\Users\Tibame_25\Desktop\Chocolate\21_1231_1629187784.2342052.png</path>
	<source>
		<database>Unknown</database>
	</source>
	<size>
		<width>180</width>
		<height>120</height>
		<depth>3</depth>
	</size>
	<segmented>0</segmented>
	<object>
		<name>Chocolate</name>
		<pose>Unspecified</pose>
		<truncated>1</truncated>
		<difficult>0</difficult>
		<bndbox>
			<xmin>48</xmin>
			<ymin>1</ymin>
			<xmax>118</xmax>
			<ymax>89</ymax>
		</bndbox>
	</object>
</annotation>
