<annotation>
	<folder>Chocolate</folder>
	<filename>22_1819_1629187784.6417456.png</filename>
	<path>C:\Users\Tibame_25\Desktop\Chocolate\22_1819_1629187784.6417456.png</path>
	<source>
		<database>Unknown</database>
	</source>
	<size>
		<width>180</width>
		<height>120</height>
		<depth>3</depth>
	</size>
	<segmented>0</segmented>
	<object>
		<name>Chocolate</name>
		<pose>Unspecified</pose>
		<truncated>1</truncated>
		<difficult>0</difficult>
		<bndbox>
			<xmin>36</xmin>
			<ymin>1</ymin>
			<xmax>123</xmax>
			<ymax>104</ymax>
		</bndbox>
	</object>
</annotation>
