<annotation>
	<folder>Chocolate</folder>
	<filename>23_736_1629187784.9890525.png</filename>
	<path>C:\Users\Tibame_25\Desktop\Chocolate\23_736_1629187784.9890525.png</path>
	<source>
		<database>Unknown</database>
	</source>
	<size>
		<width>180</width>
		<height>120</height>
		<depth>3</depth>
	</size>
	<segmented>0</segmented>
	<object>
		<name>Chocolate</name>
		<pose>Unspecified</pose>
		<truncated>1</truncated>
		<difficult>0</difficult>
		<bndbox>
			<xmin>49</xmin>
			<ymin>1</ymin>
			<xmax>145</xmax>
			<ymax>96</ymax>
		</bndbox>
	</object>
</annotation>
