<annotation>
	<folder>Chocolate</folder>
	<filename>2_1729_1629187776.9014168.png</filename>
	<path>C:\Users\Tibame_25\Desktop\Chocolate\2_1729_1629187776.9014168.png</path>
	<source>
		<database>Unknown</database>
	</source>
	<size>
		<width>180</width>
		<height>120</height>
		<depth>3</depth>
	</size>
	<segmented>0</segmented>
	<object>
		<name>Chocolate</name>
		<pose>Unspecified</pose>
		<truncated>0</truncated>
		<difficult>0</difficult>
		<bndbox>
			<xmin>27</xmin>
			<ymin>18</ymin>
			<xmax>164</xmax>
			<ymax>75</ymax>
		</bndbox>
	</object>
</annotation>
