<annotation>
	<folder>Chocolate</folder>
	<filename>3.jpg</filename>
	<path>C:\Users\Tibame_25\Desktop\Chocolate\3.jpg</path>
	<source>
		<database>Unknown</database>
	</source>
	<size>
		<width>264</width>
		<height>191</height>
		<depth>3</depth>
	</size>
	<segmented>0</segmented>
	<object>
		<name>Chocolate</name>
		<pose>Unspecified</pose>
		<truncated>0</truncated>
		<difficult>0</difficult>
		<bndbox>
			<xmin>12</xmin>
			<ymin>33</ymin>
			<xmax>253</xmax>
			<ymax>147</ymax>
		</bndbox>
	</object>
</annotation>
