<annotation>
	<folder>Chocolate</folder>
	<filename>30_1554_1629187787.4734254.png</filename>
	<path>C:\Users\Tibame_25\Desktop\Chocolate\30_1554_1629187787.4734254.png</path>
	<source>
		<database>Unknown</database>
	</source>
	<size>
		<width>180</width>
		<height>120</height>
		<depth>3</depth>
	</size>
	<segmented>0</segmented>
	<object>
		<name>Chocolate</name>
		<pose>Unspecified</pose>
		<truncated>0</truncated>
		<difficult>0</difficult>
		<bndbox>
			<xmin>56</xmin>
			<ymin>17</ymin>
			<xmax>166</xmax>
			<ymax>89</ymax>
		</bndbox>
	</object>
</annotation>
