<annotation>
	<folder>Chocolate</folder>
	<filename>31_1654_1629187787.8064082.png</filename>
	<path>C:\Users\Tibame_25\Desktop\Chocolate\31_1654_1629187787.8064082.png</path>
	<source>
		<database>Unknown</database>
	</source>
	<size>
		<width>180</width>
		<height>120</height>
		<depth>3</depth>
	</size>
	<segmented>0</segmented>
	<object>
		<name>Chocolate</name>
		<pose>Unspecified</pose>
		<truncated>0</truncated>
		<difficult>0</difficult>
		<bndbox>
			<xmin>55</xmin>
			<ymin>16</ymin>
			<xmax>171</xmax>
			<ymax>80</ymax>
		</bndbox>
	</object>
</annotation>
