<annotation>
	<folder>Chocolate</folder>
	<filename>35_1259_1629187789.2070882.png</filename>
	<path>C:\Users\Tibame_25\Desktop\Chocolate\35_1259_1629187789.2070882.png</path>
	<source>
		<database>Unknown</database>
	</source>
	<size>
		<width>180</width>
		<height>120</height>
		<depth>3</depth>
	</size>
	<segmented>0</segmented>
	<object>
		<name>Chocolate</name>
		<pose>Unspecified</pose>
		<truncated>1</truncated>
		<difficult>0</difficult>
		<bndbox>
			<xmin>49</xmin>
			<ymin>20</ymin>
			<xmax>180</xmax>
			<ymax>80</ymax>
		</bndbox>
	</object>
</annotation>
