<annotation>
	<folder>Chocolate</folder>
	<filename>36_1258_1629187789.6433473.png</filename>
	<path>C:\Users\Tibame_25\Desktop\Chocolate\36_1258_1629187789.6433473.png</path>
	<source>
		<database>Unknown</database>
	</source>
	<size>
		<width>180</width>
		<height>120</height>
		<depth>3</depth>
	</size>
	<segmented>0</segmented>
	<object>
		<name>Chocolate</name>
		<pose>Unspecified</pose>
		<truncated>0</truncated>
		<difficult>0</difficult>
		<bndbox>
			<xmin>36</xmin>
			<ymin>13</ymin>
			<xmax>174</xmax>
			<ymax>64</ymax>
		</bndbox>
	</object>
</annotation>
