<annotation>
	<folder>Doritos</folder>
	<filename>36_1019_1629187965.3735378.png</filename>
	<path>C:\Users\Tibame_25\Downloads\Doritos-20210824T091345Z-001\Doritos\36_1019_1629187965.3735378.png</path>
	<source>
		<database>Unknown</database>
	</source>
	<size>
		<width>180</width>
		<height>120</height>
		<depth>3</depth>
	</size>
	<segmented>0</segmented>
	<object>
		<name>Doritos</name>
		<pose>Unspecified</pose>
		<truncated>0</truncated>
		<difficult>0</difficult>
		<bndbox>
			<xmin>13</xmin>
			<ymin>12</ymin>
			<xmax>116</xmax>
			<ymax>89</ymax>
		</bndbox>
	</object>
</annotation>
