<annotation>
	<folder>Doritos</folder>
	<filename>38_739_1629187966.1846142.png</filename>
	<path>C:\Users\Tibame_25\Downloads\Doritos-20210824T091345Z-001\Doritos\38_739_1629187966.1846142.png</path>
	<source>
		<database>Unknown</database>
	</source>
	<size>
		<width>180</width>
		<height>120</height>
		<depth>3</depth>
	</size>
	<segmented>0</segmented>
	<object>
		<name>Doritos</name>
		<pose>Unspecified</pose>
		<truncated>0</truncated>
		<difficult>0</difficult>
		<bndbox>
			<xmin>16</xmin>
			<ymin>15</ymin>
			<xmax>118</xmax>
			<ymax>95</ymax>
		</bndbox>
	</object>
</annotation>
