<annotation>
	<folder>Chocolate</folder>
	<filename>3_1815_1629187777.354218.png</filename>
	<path>C:\Users\Tibame_25\Desktop\Chocolate\3_1815_1629187777.354218.png</path>
	<source>
		<database>Unknown</database>
	</source>
	<size>
		<width>180</width>
		<height>120</height>
		<depth>3</depth>
	</size>
	<segmented>0</segmented>
	<object>
		<name>Chocolate</name>
		<pose>Unspecified</pose>
		<truncated>0</truncated>
		<difficult>0</difficult>
		<bndbox>
			<xmin>24</xmin>
			<ymin>17</ymin>
			<xmax>168</xmax>
			<ymax>84</ymax>
		</bndbox>
	</object>
</annotation>
