<annotation>
	<folder>Chocolate</folder>
	<filename>4.jpg</filename>
	<path>C:\Users\Tibame_25\Desktop\Chocolate\4.jpg</path>
	<source>
		<database>Unknown</database>
	</source>
	<size>
		<width>275</width>
		<height>183</height>
		<depth>3</depth>
	</size>
	<segmented>0</segmented>
	<object>
		<name>Chocolate</name>
		<pose>Unspecified</pose>
		<truncated>1</truncated>
		<difficult>0</difficult>
		<bndbox>
			<xmin>3</xmin>
			<ymin>21</ymin>
			<xmax>275</xmax>
			<ymax>166</ymax>
		</bndbox>
	</object>
</annotation>
