<annotation>
	<folder>Chocolate</folder>
	<filename>40_1345_1629187791.134088.png</filename>
	<path>C:\Users\Tibame_25\Desktop\Chocolate\40_1345_1629187791.134088.png</path>
	<source>
		<database>Unknown</database>
	</source>
	<size>
		<width>180</width>
		<height>120</height>
		<depth>3</depth>
	</size>
	<segmented>0</segmented>
	<object>
		<name>Chocolate</name>
		<pose>Unspecified</pose>
		<truncated>1</truncated>
		<difficult>0</difficult>
		<bndbox>
			<xmin>23</xmin>
			<ymin>31</ymin>
			<xmax>180</xmax>
			<ymax>83</ymax>
		</bndbox>
	</object>
</annotation>
