<annotation>
	<folder>Chocolate</folder>
	<filename>45_991_1629187793.1156995.png</filename>
	<path>C:\Users\Tibame_25\Desktop\Chocolate\45_991_1629187793.1156995.png</path>
	<source>
		<database>Unknown</database>
	</source>
	<size>
		<width>180</width>
		<height>120</height>
		<depth>3</depth>
	</size>
	<segmented>0</segmented>
	<object>
		<name>Chocolate</name>
		<pose>Unspecified</pose>
		<truncated>1</truncated>
		<difficult>0</difficult>
		<bndbox>
			<xmin>52</xmin>
			<ymin>37</ymin>
			<xmax>180</xmax>
			<ymax>81</ymax>
		</bndbox>
	</object>
</annotation>
