<annotation>
	<folder>Chocolate</folder>
	<filename>47_1262_1629187793.9897552.png</filename>
	<path>C:\Users\Tibame_25\Desktop\Chocolate\47_1262_1629187793.9897552.png</path>
	<source>
		<database>Unknown</database>
	</source>
	<size>
		<width>180</width>
		<height>120</height>
		<depth>3</depth>
	</size>
	<segmented>0</segmented>
	<object>
		<name>Chocolate</name>
		<pose>Unspecified</pose>
		<truncated>1</truncated>
		<difficult>0</difficult>
		<bndbox>
			<xmin>7</xmin>
			<ymin>74</ymin>
			<xmax>178</xmax>
			<ymax>120</ymax>
		</bndbox>
	</object>
</annotation>
