<annotation>
	<folder>Doritos</folder>
	<filename>47_1455_1629187969.622286.png</filename>
	<path>C:\Users\Tibame_25\Downloads\Doritos-20210824T091345Z-001\Doritos\47_1455_1629187969.622286.png</path>
	<source>
		<database>Unknown</database>
	</source>
	<size>
		<width>180</width>
		<height>120</height>
		<depth>3</depth>
	</size>
	<segmented>0</segmented>
	<object>
		<name>Doritos</name>
		<pose>Unspecified</pose>
		<truncated>0</truncated>
		<difficult>0</difficult>
		<bndbox>
			<xmin>20</xmin>
			<ymin>3</ymin>
			<xmax>107</xmax>
			<ymax>108</ymax>
		</bndbox>
	</object>
</annotation>
