<annotation>
	<folder>Chocolate</folder>
	<filename>5.jpg</filename>
	<path>C:\Users\Tibame_25\Desktop\Chocolate\5.jpg</path>
	<source>
		<database>Unknown</database>
	</source>
	<size>
		<width>207</width>
		<height>244</height>
		<depth>3</depth>
	</size>
	<segmented>0</segmented>
	<object>
		<name>Chocolate</name>
		<pose>Unspecified</pose>
		<truncated>0</truncated>
		<difficult>0</difficult>
		<bndbox>
			<xmin>14</xmin>
			<ymin>92</ymin>
			<xmax>190</xmax>
			<ymax>150</ymax>
		</bndbox>
	</object>
</annotation>
