<annotation>
	<folder>Chocolate</folder>
	<filename>51_1445_1629187795.472957.png</filename>
	<path>C:\Users\Tibame_25\Desktop\Chocolate\51_1445_1629187795.472957.png</path>
	<source>
		<database>Unknown</database>
	</source>
	<size>
		<width>180</width>
		<height>120</height>
		<depth>3</depth>
	</size>
	<segmented>0</segmented>
	<object>
		<name>Chocolate</name>
		<pose>Unspecified</pose>
		<truncated>0</truncated>
		<difficult>0</difficult>
		<bndbox>
			<xmin>4</xmin>
			<ymin>56</ymin>
			<xmax>172</xmax>
			<ymax>105</ymax>
		</bndbox>
	</object>
</annotation>
