<annotation>
	<folder>Chocolate</folder>
	<filename>56_1688_1629187797.2465339.png</filename>
	<path>C:\Users\Tibame_25\Desktop\Chocolate\56_1688_1629187797.2465339.png</path>
	<source>
		<database>Unknown</database>
	</source>
	<size>
		<width>180</width>
		<height>120</height>
		<depth>3</depth>
	</size>
	<segmented>0</segmented>
	<object>
		<name>Chocolate</name>
		<pose>Unspecified</pose>
		<truncated>0</truncated>
		<difficult>0</difficult>
		<bndbox>
			<xmin>23</xmin>
			<ymin>38</ymin>
			<xmax>161</xmax>
			<ymax>86</ymax>
		</bndbox>
	</object>
</annotation>
