<annotation>
	<folder>Chocolate</folder>
	<filename>57_1643_1629187797.6089091.png</filename>
	<path>C:\Users\Tibame_25\Desktop\Chocolate\57_1643_1629187797.6089091.png</path>
	<source>
		<database>Unknown</database>
	</source>
	<size>
		<width>180</width>
		<height>120</height>
		<depth>3</depth>
	</size>
	<segmented>0</segmented>
	<object>
		<name>Chocolate</name>
		<pose>Unspecified</pose>
		<truncated>0</truncated>
		<difficult>0</difficult>
		<bndbox>
			<xmin>28</xmin>
			<ymin>35</ymin>
			<xmax>159</xmax>
			<ymax>81</ymax>
		</bndbox>
	</object>
</annotation>
