<annotation>
	<folder>Chocolate</folder>
	<filename>6.jpg</filename>
	<path>C:\Users\Tibame_25\Desktop\Chocolate\6.jpg</path>
	<source>
		<database>Unknown</database>
	</source>
	<size>
		<width>415</width>
		<height>121</height>
		<depth>3</depth>
	</size>
	<segmented>0</segmented>
	<object>
		<name>Chocolate</name>
		<pose>Unspecified</pose>
		<truncated>1</truncated>
		<difficult>0</difficult>
		<bndbox>
			<xmin>1</xmin>
			<ymin>1</ymin>
			<xmax>415</xmax>
			<ymax>119</ymax>
		</bndbox>
	</object>
</annotation>
