<annotation>
	<folder>Doritos</folder>
	<filename>60_1203_1629187974.68431.png</filename>
	<path>C:\Users\Tibame_25\Downloads\Doritos-20210824T091345Z-001\Doritos\60_1203_1629187974.68431.png</path>
	<source>
		<database>Unknown</database>
	</source>
	<size>
		<width>180</width>
		<height>120</height>
		<depth>3</depth>
	</size>
	<segmented>0</segmented>
	<object>
		<name>Doritos</name>
		<pose>Unspecified</pose>
		<truncated>0</truncated>
		<difficult>0</difficult>
		<bndbox>
			<xmin>12</xmin>
			<ymin>28</ymin>
			<xmax>112</xmax>
			<ymax>104</ymax>
		</bndbox>
	</object>
</annotation>
