<annotation>
	<folder>Doritos</folder>
	<filename>61_1242_1629187975.1048088.png</filename>
	<path>C:\Users\Tibame_25\Downloads\Doritos-20210824T091345Z-001\Doritos\61_1242_1629187975.1048088.png</path>
	<source>
		<database>Unknown</database>
	</source>
	<size>
		<width>180</width>
		<height>120</height>
		<depth>3</depth>
	</size>
	<segmented>0</segmented>
	<object>
		<name>Doritos</name>
		<pose>Unspecified</pose>
		<truncated>0</truncated>
		<difficult>0</difficult>
		<bndbox>
			<xmin>9</xmin>
			<ymin>24</ymin>
			<xmax>121</xmax>
			<ymax>119</ymax>
		</bndbox>
	</object>
</annotation>
