<annotation>
	<folder>Chocolate</folder>
	<filename>61_1492_1629187799.0251694.png</filename>
	<path>C:\Users\Tibame_25\Desktop\Chocolate\61_1492_1629187799.0251694.png</path>
	<source>
		<database>Unknown</database>
	</source>
	<size>
		<width>180</width>
		<height>120</height>
		<depth>3</depth>
	</size>
	<segmented>0</segmented>
	<object>
		<name>Chocolate</name>
		<pose>Unspecified</pose>
		<truncated>0</truncated>
		<difficult>0</difficult>
		<bndbox>
			<xmin>69</xmin>
			<ymin>17</ymin>
			<xmax>174</xmax>
			<ymax>66</ymax>
		</bndbox>
	</object>
</annotation>
