<annotation>
	<folder>Doritos</folder>
	<filename>63_1059_1629187975.8231997.png</filename>
	<path>C:\Users\Tibame_25\Downloads\Doritos-20210824T091345Z-001\Doritos\63_1059_1629187975.8231997.png</path>
	<source>
		<database>Unknown</database>
	</source>
	<size>
		<width>180</width>
		<height>120</height>
		<depth>3</depth>
	</size>
	<segmented>0</segmented>
	<object>
		<name>Doritos</name>
		<pose>Unspecified</pose>
		<truncated>0</truncated>
		<difficult>0</difficult>
		<bndbox>
			<xmin>42</xmin>
			<ymin>4</ymin>
			<xmax>117</xmax>
			<ymax>100</ymax>
		</bndbox>
	</object>
</annotation>
