<annotation>
	<folder>Chocolate</folder>
	<filename>63_1676_1629187799.820342.png</filename>
	<path>C:\Users\Tibame_25\Desktop\Chocolate\63_1676_1629187799.820342.png</path>
	<source>
		<database>Unknown</database>
	</source>
	<size>
		<width>180</width>
		<height>120</height>
		<depth>3</depth>
	</size>
	<segmented>0</segmented>
	<object>
		<name>Chocolate</name>
		<pose>Unspecified</pose>
		<truncated>0</truncated>
		<difficult>0</difficult>
		<bndbox>
			<xmin>40</xmin>
			<ymin>12</ymin>
			<xmax>140</xmax>
			<ymax>99</ymax>
		</bndbox>
	</object>
</annotation>
