<annotation>
	<folder>Chocolate</folder>
	<filename>66_652_1629187800.9791281.png</filename>
	<path>C:\Users\Tibame_25\Desktop\Chocolate\66_652_1629187800.9791281.png</path>
	<source>
		<database>Unknown</database>
	</source>
	<size>
		<width>180</width>
		<height>120</height>
		<depth>3</depth>
	</size>
	<segmented>0</segmented>
	<object>
		<name>Chocolate</name>
		<pose>Unspecified</pose>
		<truncated>0</truncated>
		<difficult>0</difficult>
		<bndbox>
			<xmin>72</xmin>
			<ymin>23</ymin>
			<xmax>122</xmax>
			<ymax>105</ymax>
		</bndbox>
	</object>
</annotation>
