<annotation>
	<folder>Doritos</folder>
	<filename>66_811_1629187976.876469.png</filename>
	<path>C:\Users\Tibame_25\Downloads\Doritos-20210824T091345Z-001\Doritos\66_811_1629187976.876469.png</path>
	<source>
		<database>Unknown</database>
	</source>
	<size>
		<width>180</width>
		<height>120</height>
		<depth>3</depth>
	</size>
	<segmented>0</segmented>
	<object>
		<name>Doritos</name>
		<pose>Unspecified</pose>
		<truncated>0</truncated>
		<difficult>0</difficult>
		<bndbox>
			<xmin>41</xmin>
			<ymin>19</ymin>
			<xmax>106</xmax>
			<ymax>103</ymax>
		</bndbox>
	</object>
</annotation>
