<annotation>
	<folder>Doritos</folder>
	<filename>67_798_1629187977.268832.png</filename>
	<path>C:\Users\Tibame_25\Downloads\Doritos-20210824T091345Z-001\Doritos\67_798_1629187977.268832.png</path>
	<source>
		<database>Unknown</database>
	</source>
	<size>
		<width>180</width>
		<height>120</height>
		<depth>3</depth>
	</size>
	<segmented>0</segmented>
	<object>
		<name>Doritos</name>
		<pose>Unspecified</pose>
		<truncated>0</truncated>
		<difficult>0</difficult>
		<bndbox>
			<xmin>46</xmin>
			<ymin>12</ymin>
			<xmax>108</xmax>
			<ymax>88</ymax>
		</bndbox>
	</object>
</annotation>
