<annotation>
	<folder>Doritos</folder>
	<filename>69_696_1629187978.0985396.png</filename>
	<path>C:\Users\Tibame_25\Downloads\Doritos-20210824T091345Z-001\Doritos\69_696_1629187978.0985396.png</path>
	<source>
		<database>Unknown</database>
	</source>
	<size>
		<width>180</width>
		<height>120</height>
		<depth>3</depth>
	</size>
	<segmented>0</segmented>
	<object>
		<name>Doritos</name>
		<pose>Unspecified</pose>
		<truncated>0</truncated>
		<difficult>0</difficult>
		<bndbox>
			<xmin>25</xmin>
			<ymin>8</ymin>
			<xmax>112</xmax>
			<ymax>97</ymax>
		</bndbox>
	</object>
</annotation>
