<annotation>
	<folder>Chocolate</folder>
	<filename>74_1057_1629187803.7474256.png</filename>
	<path>C:\Users\Tibame_25\Desktop\Chocolate\74_1057_1629187803.7474256.png</path>
	<source>
		<database>Unknown</database>
	</source>
	<size>
		<width>180</width>
		<height>120</height>
		<depth>3</depth>
	</size>
	<segmented>0</segmented>
	<object>
		<name>Chocolate</name>
		<pose>Unspecified</pose>
		<truncated>0</truncated>
		<difficult>0</difficult>
		<bndbox>
			<xmin>14</xmin>
			<ymin>37</ymin>
			<xmax>145</xmax>
			<ymax>80</ymax>
		</bndbox>
	</object>
</annotation>
