<annotation>
	<folder>Chocolate</folder>
	<filename>75_978_1629187804.111897.png</filename>
	<path>C:\Users\Tibame_25\Desktop\Chocolate\75_978_1629187804.111897.png</path>
	<source>
		<database>Unknown</database>
	</source>
	<size>
		<width>180</width>
		<height>120</height>
		<depth>3</depth>
	</size>
	<segmented>0</segmented>
	<object>
		<name>Chocolate</name>
		<pose>Unspecified</pose>
		<truncated>0</truncated>
		<difficult>0</difficult>
		<bndbox>
			<xmin>21</xmin>
			<ymin>40</ymin>
			<xmax>154</xmax>
			<ymax>76</ymax>
		</bndbox>
	</object>
</annotation>
