<annotation>
	<folder>Chocolate</folder>
	<filename>76_956_1629187804.5078387.png</filename>
	<path>C:\Users\Tibame_25\Desktop\Chocolate\76_956_1629187804.5078387.png</path>
	<source>
		<database>Unknown</database>
	</source>
	<size>
		<width>180</width>
		<height>120</height>
		<depth>3</depth>
	</size>
	<segmented>0</segmented>
	<object>
		<name>Chocolate</name>
		<pose>Unspecified</pose>
		<truncated>0</truncated>
		<difficult>0</difficult>
		<bndbox>
			<xmin>47</xmin>
			<ymin>33</ymin>
			<xmax>177</xmax>
			<ymax>77</ymax>
		</bndbox>
	</object>
</annotation>
