<annotation>
	<folder>Chocolate</folder>
	<filename>8.jpg</filename>
	<path>C:\Users\Tibame_25\Desktop\Chocolate\8.jpg</path>
	<source>
		<database>Unknown</database>
	</source>
	<size>
		<width>225</width>
		<height>225</height>
		<depth>3</depth>
	</size>
	<segmented>0</segmented>
	<object>
		<name>Chocolate</name>
		<pose>Unspecified</pose>
		<truncated>0</truncated>
		<difficult>0</difficult>
		<bndbox>
			<xmin>7</xmin>
			<ymin>74</ymin>
			<xmax>214</xmax>
			<ymax>153</ymax>
		</bndbox>
	</object>
</annotation>
