<annotation>
	<folder>Chocolate</folder>
	<filename>85_781_1629187807.8532207.png</filename>
	<path>C:\Users\Tibame_25\Desktop\Chocolate\85_781_1629187807.8532207.png</path>
	<source>
		<database>Unknown</database>
	</source>
	<size>
		<width>180</width>
		<height>120</height>
		<depth>3</depth>
	</size>
	<segmented>0</segmented>
	<object>
		<name>Chocolate</name>
		<pose>Unspecified</pose>
		<truncated>0</truncated>
		<difficult>0</difficult>
		<bndbox>
			<xmin>39</xmin>
			<ymin>19</ymin>
			<xmax>94</xmax>
			<ymax>83</ymax>
		</bndbox>
	</object>
</annotation>
