<annotation>
	<folder>Chocolate</folder>
	<filename>8_2254_1629187779.4534388.png</filename>
	<path>C:\Users\Tibame_25\Desktop\Chocolate\8_2254_1629187779.4534388.png</path>
	<source>
		<database>Unknown</database>
	</source>
	<size>
		<width>180</width>
		<height>120</height>
		<depth>3</depth>
	</size>
	<segmented>0</segmented>
	<object>
		<name>Chocolate</name>
		<pose>Unspecified</pose>
		<truncated>0</truncated>
		<difficult>0</difficult>
		<bndbox>
			<xmin>28</xmin>
			<ymin>22</ymin>
			<xmax>159</xmax>
			<ymax>106</ymax>
		</bndbox>
	</object>
</annotation>
