<annotation>
	<folder>Chocolate</folder>
	<filename>9.jpg</filename>
	<path>C:\Users\Tibame_25\Desktop\Chocolate\9.jpg</path>
	<source>
		<database>Unknown</database>
	</source>
	<size>
		<width>225</width>
		<height>225</height>
		<depth>3</depth>
	</size>
	<segmented>0</segmented>
	<object>
		<name>Chocolate</name>
		<pose>Unspecified</pose>
		<truncated>1</truncated>
		<difficult>0</difficult>
		<bndbox>
			<xmin>2</xmin>
			<ymin>72</ymin>
			<xmax>225</xmax>
			<ymax>147</ymax>
		</bndbox>
	</object>
</annotation>
