<annotation>
	<folder>Chocolate</folder>
	<filename>9_2328_1629187779.8135087.png</filename>
	<path>C:\Users\Tibame_25\Desktop\Chocolate\9_2328_1629187779.8135087.png</path>
	<source>
		<database>Unknown</database>
	</source>
	<size>
		<width>180</width>
		<height>120</height>
		<depth>3</depth>
	</size>
	<segmented>0</segmented>
	<object>
		<name>Chocolate</name>
		<pose>Unspecified</pose>
		<truncated>0</truncated>
		<difficult>0</difficult>
		<bndbox>
			<xmin>25</xmin>
			<ymin>24</ymin>
			<xmax>148</xmax>
			<ymax>98</ymax>
		</bndbox>
	</object>
</annotation>
