<annotation>
	<folder>Apple</folder>
	<filename>apple_29.jpg</filename>
	<path>C:\Users\Tibame_25\Desktop\store_project\opencv\物件\Apple\apple_29.jpg</path>
	<source>
		<database>Unknown</database>
	</source>
	<size>
		<width>250</width>
		<height>250</height>
		<depth>3</depth>
	</size>
	<segmented>0</segmented>
	<object>
		<name>Apple</name>
		<pose>Unspecified</pose>
		<truncated>0</truncated>
		<difficult>0</difficult>
		<bndbox>
			<xmin>37</xmin>
			<ymin>60</ymin>
			<xmax>221</xmax>
			<ymax>235</ymax>
		</bndbox>
	</object>
</annotation>
