<annotation>
	<folder>Apple</folder>
	<filename>apple_22.jpg</filename>
	<path>C:\Users\Tibame_25\Desktop\store_project\opencv\物件\Apple\apple_22.jpg</path>
	<source>
		<database>Unknown</database>
	</source>
	<size>
		<width>693</width>
		<height>693</height>
		<depth>3</depth>
	</size>
	<segmented>0</segmented>
	<object>
		<name>Apple</name>
		<pose>Unspecified</pose>
		<truncated>0</truncated>
		<difficult>0</difficult>
		<bndbox>
			<xmin>132</xmin>
			<ymin>192</ymin>
			<xmax>565</xmax>
			<ymax>613</ymax>
		</bndbox>
	</object>
</annotation>
