<annotation>
	<folder>Apple</folder>
	<filename>apple_32.jpg</filename>
	<path>C:\Users\Tibame_25\Desktop\store_project\opencv\物件\Apple\apple_32.jpg</path>
	<source>
		<database>Unknown</database>
	</source>
	<size>
		<width>1320</width>
		<height>947</height>
		<depth>3</depth>
	</size>
	<segmented>0</segmented>
	<object>
		<name>Apple</name>
		<pose>Unspecified</pose>
		<truncated>0</truncated>
		<difficult>0</difficult>
		<bndbox>
			<xmin>572</xmin>
			<ymin>165</ymin>
			<xmax>1237</xmax>
			<ymax>830</ymax>
		</bndbox>
	</object>
</annotation>
