<annotation>
	<folder>Apple</folder>
	<filename>apple_37.jpg</filename>
	<path>C:\Users\Tibame_25\Desktop\store_project\opencv\物件\Apple\apple_37.jpg</path>
	<source>
		<database>Unknown</database>
	</source>
	<size>
		<width>389</width>
		<height>352</height>
		<depth>3</depth>
	</size>
	<segmented>0</segmented>
	<object>
		<name>Apple</name>
		<pose>Unspecified</pose>
		<truncated>0</truncated>
		<difficult>0</difficult>
		<bndbox>
			<xmin>47</xmin>
			<ymin>56</ymin>
			<xmax>320</xmax>
			<ymax>325</ymax>
		</bndbox>
	</object>
</annotation>
