<annotation>
	<folder>Apple</folder>
	<filename>apple_1.jpg</filename>
	<path>C:\Users\Tibame_25\Desktop\store_project\opencv\物件\Apple\apple_1.jpg</path>
	<source>
		<database>Unknown</database>
	</source>
	<size>
		<width>349</width>
		<height>349</height>
		<depth>3</depth>
	</size>
	<segmented>0</segmented>
	<object>
		<name>Apple</name>
		<pose>Unspecified</pose>
		<truncated>1</truncated>
		<difficult>0</difficult>
		<bndbox>
			<xmin>21</xmin>
			<ymin>46</ymin>
			<xmax>322</xmax>
			<ymax>349</ymax>
		</bndbox>
	</object>
</annotation>
