<annotation>
	<folder>Apple</folder>
	<filename>apple_17.jpg</filename>
	<path>C:\Users\Tibame_25\Desktop\store_project\opencv\物件\Apple\apple_17.jpg</path>
	<source>
		<database>Unknown</database>
	</source>
	<size>
		<width>700</width>
		<height>800</height>
		<depth>3</depth>
	</size>
	<segmented>0</segmented>
	<object>
		<name>Apple</name>
		<pose>Unspecified</pose>
		<truncated>0</truncated>
		<difficult>0</difficult>
		<bndbox>
			<xmin>110</xmin>
			<ymin>254</ymin>
			<xmax>576</xmax>
			<ymax>719</ymax>
		</bndbox>
	</object>
</annotation>
