<annotation>
	<folder>Apple</folder>
	<filename>apple_4.jpg</filename>
	<path>C:\Users\Tibame_25\Desktop\store_project\opencv\物件\Apple\apple_4.jpg</path>
	<source>
		<database>Unknown</database>
	</source>
	<size>
		<width>351</width>
		<height>240</height>
		<depth>3</depth>
	</size>
	<segmented>0</segmented>
	<object>
		<name>Apple</name>
		<pose>Unspecified</pose>
		<truncated>0</truncated>
		<difficult>0</difficult>
		<bndbox>
			<xmin>138</xmin>
			<ymin>21</ymin>
			<xmax>339</xmax>
			<ymax>207</ymax>
		</bndbox>
	</object>
</annotation>
