<annotation>
	<folder>Apple</folder>
	<filename>apple_6.jpg</filename>
	<path>C:\Users\Tibame_25\Desktop\store_project\opencv\物件\Apple\apple_6.jpg</path>
	<source>
		<database>Unknown</database>
	</source>
	<size>
		<width>950</width>
		<height>587</height>
		<depth>3</depth>
	</size>
	<segmented>0</segmented>
	<object>
		<name>Apple</name>
		<pose>Unspecified</pose>
		<truncated>0</truncated>
		<difficult>0</difficult>
		<bndbox>
			<xmin>127</xmin>
			<ymin>133</ymin>
			<xmax>430</xmax>
			<ymax>430</ymax>
		</bndbox>
	</object>
	<object>
		<name>Apple</name>
		<pose>Unspecified</pose>
		<truncated>0</truncated>
		<difficult>0</difficult>
		<bndbox>
			<xmin>553</xmin>
			<ymin>212</ymin>
			<xmax>835</xmax>
			<ymax>477</ymax>
		</bndbox>
	</object>
</annotation>
