<annotation>
	<folder>Apple</folder>
	<filename>apple_16.jpg</filename>
	<path>C:\Users\Tibame_25\Desktop\store_project\opencv\物件\Apple\apple_16.jpg</path>
	<source>
		<database>Unknown</database>
	</source>
	<size>
		<width>333</width>
		<height>300</height>
		<depth>3</depth>
	</size>
	<segmented>0</segmented>
	<object>
		<name>Apple</name>
		<pose>Unspecified</pose>
		<truncated>0</truncated>
		<difficult>0</difficult>
		<bndbox>
			<xmin>18</xmin>
			<ymin>44</ymin>
			<xmax>273</xmax>
			<ymax>277</ymax>
		</bndbox>
	</object>
</annotation>
