<annotation>
	<folder>banana</folder>
	<filename>banana_41.jpg</filename>
	<path>C:\Users\Tibame_25\Desktop\AI_Bigdata\TFB102_T4\label\banana\banana_41.jpg</path>
	<source>
		<database>Unknown</database>
	</source>
	<size>
		<width>1920</width>
		<height>1080</height>
		<depth>3</depth>
	</size>
	<segmented>0</segmented>
	<object>
		<name>banana</name>
		<pose>Unspecified</pose>
		<truncated>0</truncated>
		<difficult>0</difficult>
		<bndbox>
			<xmin>165</xmin>
			<ymin>201</ymin>
			<xmax>1711</xmax>
			<ymax>947</ymax>
		</bndbox>
	</object>
</annotation>
