<annotation>
	<folder>banana</folder>
	<filename>banana_23.jpg</filename>
	<path>C:\Users\Tibame_25\Desktop\AI_Bigdata\TFB102_T4\label\banana\banana_23.jpg</path>
	<source>
		<database>Unknown</database>
	</source>
	<size>
		<width>1200</width>
		<height>630</height>
		<depth>3</depth>
	</size>
	<segmented>0</segmented>
	<object>
		<name>banana</name>
		<pose>Unspecified</pose>
		<truncated>0</truncated>
		<difficult>0</difficult>
		<bndbox>
			<xmin>8</xmin>
			<ymin>38</ymin>
			<xmax>1151</xmax>
			<ymax>584</ymax>
		</bndbox>
	</object>
</annotation>
