<annotation>
	<folder>banana</folder>
	<filename>banana_22.jpg</filename>
	<path>C:\Users\Tibame_25\Desktop\AI_Bigdata\TFB102_T4\label\banana\banana_22.jpg</path>
	<source>
		<database>Unknown</database>
	</source>
	<size>
		<width>640</width>
		<height>417</height>
		<depth>3</depth>
	</size>
	<segmented>0</segmented>
	<object>
		<name>banana</name>
		<pose>Unspecified</pose>
		<truncated>0</truncated>
		<difficult>0</difficult>
		<bndbox>
			<xmin>94</xmin>
			<ymin>122</ymin>
			<xmax>432</xmax>
			<ymax>247</ymax>
		</bndbox>
	</object>
	<object>
		<name>banana</name>
		<pose>Unspecified</pose>
		<truncated>0</truncated>
		<difficult>0</difficult>
		<bndbox>
			<xmin>43</xmin>
			<ymin>190</ymin>
			<xmax>406</xmax>
			<ymax>341</ymax>
		</bndbox>
	</object>
	<object>
		<name>banana</name>
		<pose>Unspecified</pose>
		<truncated>0</truncated>
		<difficult>0</difficult>
		<bndbox>
			<xmin>320</xmin>
			<ymin>148</ymin>
			<xmax>539</xmax>
			<ymax>369</ymax>
		</bndbox>
	</object>
</annotation>
