<annotation>
	<folder>banana</folder>
	<filename>banana_57.jpg</filename>
	<path>C:\Users\Tibame_25\Desktop\AI_Bigdata\TFB102_T4\label\banana\banana_57.jpg</path>
	<source>
		<database>Unknown</database>
	</source>
	<size>
		<width>2569</width>
		<height>4605</height>
		<depth>3</depth>
	</size>
	<segmented>0</segmented>
	<object>
		<name>banana</name>
		<pose>Unspecified</pose>
		<truncated>1</truncated>
		<difficult>0</difficult>
		<bndbox>
			<xmin>17</xmin>
			<ymin>12</ymin>
			<xmax>2569</xmax>
			<ymax>4605</ymax>
		</bndbox>
	</object>
</annotation>
