<annotation>
	<folder>banana</folder>
	<filename>banana_55.jpg</filename>
	<path>C:\Users\Tibame_25\Desktop\AI_Bigdata\TFB102_T4\label\banana\banana_55.jpg</path>
	<source>
		<database>Unknown</database>
	</source>
	<size>
		<width>1360</width>
		<height>2104</height>
		<depth>3</depth>
	</size>
	<segmented>0</segmented>
	<object>
		<name>banana</name>
		<pose>Unspecified</pose>
		<truncated>0</truncated>
		<difficult>0</difficult>
		<bndbox>
			<xmin>154</xmin>
			<ymin>520</ymin>
			<xmax>990</xmax>
			<ymax>1754</ymax>
		</bndbox>
	</object>
</annotation>
