<annotation>
	<folder>banana</folder>
	<filename>banana_6.jpg</filename>
	<path>C:\Users\Tibame_25\Desktop\AI_Bigdata\TFB102_T4\label\banana\banana_6.jpg</path>
	<source>
		<database>Unknown</database>
	</source>
	<size>
		<width>2091</width>
		<height>1394</height>
		<depth>3</depth>
	</size>
	<segmented>0</segmented>
	<object>
		<name>banana</name>
		<pose>Unspecified</pose>
		<truncated>0</truncated>
		<difficult>0</difficult>
		<bndbox>
			<xmin>903</xmin>
			<ymin>140</ymin>
			<xmax>1438</xmax>
			<ymax>1165</ymax>
		</bndbox>
	</object>
</annotation>
