<annotation>
	<folder>Doritos</folder>
	<filename>images (15).jpg</filename>
	<path>C:\Users\Tibame_25\Downloads\Doritos-20210824T091345Z-001\Doritos\images (15).jpg</path>
	<source>
		<database>Unknown</database>
	</source>
	<size>
		<width>242</width>
		<height>209</height>
		<depth>3</depth>
	</size>
	<segmented>0</segmented>
	<object>
		<name>Doritos</name>
		<pose>Unspecified</pose>
		<truncated>0</truncated>
		<difficult>0</difficult>
		<bndbox>
			<xmin>51</xmin>
			<ymin>44</ymin>
			<xmax>180</xmax>
			<ymax>194</ymax>
		</bndbox>
	</object>
</annotation>
