<annotation>
	<folder>Chocolate</folder>
	<filename>images (29).jpg</filename>
	<path>C:\Users\Tibame_25\Desktop\Chocolate\images (29).jpg</path>
	<source>
		<database>Unknown</database>
	</source>
	<size>
		<width>225</width>
		<height>225</height>
		<depth>3</depth>
	</size>
	<segmented>0</segmented>
	<object>
		<name>Chocolate</name>
		<pose>Unspecified</pose>
		<truncated>0</truncated>
		<difficult>0</difficult>
		<bndbox>
			<xmin>2</xmin>
			<ymin>80</ymin>
			<xmax>224</xmax>
			<ymax>144</ymax>
		</bndbox>
	</object>
</annotation>
